{"value_loss": 9.687024021148682, "_timestamp": 1655784825, "_runtime": 1277, "policy_loss": -0.00836973017735545, "dist_entropy": 0.5841198563575745, "actor_grad_norm": 0.12730669975280762, "critic_grad_norm": 41.78905487060547, "ratio": 1.0000005960464478, "average_episode_rewards": -144.92489099502563, "agent0/individual_rewards": -1.6949404247920503, "agent1/individual_rewards": -1.6871279247920503, "agent2/individual_rewards": -1.6793154247920503, "_step": 4995200, "_wandb": {"runtime": 1281}}